block_id,node_id,distance,time
325031,7001,1051,778
325031,7002,1000,775
325031,7003,952,777
325031,7004,949,717
325031,7005,904,676
325031,7006,854,675
325031,7007,807,681
325031,7008,998,742
325031,7009,854,649
325031,7010,757,574
325031,7011,707,568
325031,7012,659,569
325031,7013,809,593
325031,7014,752,552
325031,7015,648,481
325031,7016,562,433
325031,7017,570,482
325031,7018,514,437
325031,7019,681,493
325031,7020,577,420
325031,7021,472,349
325031,7022,366,271
325031,7023,537,389
325031,7024,431,314
325031,7025,326,240
325031,7026,221,160
325031,7027,389,283
325031,7028,284,207
325031,7029,179,133
325031,7030,74,54
325031,7031,126,97
325031,7032,382,277
325031,7033,282,205
325031,7034,176,131
325031,7035,71,51
325031,7036,429,311
325031,7037,323,236
325031,7038,218,160
325031,7039,573,415
325031,7040,464,337
325032,7001,1051,778
325032,7002,1000,775
325032,7003,952,777
325032,7004,949,717
325032,7005,904,676
325032,7006,854,675
325032,7007,807,681
325032,7008,998,742
325032,7009,855,649
325032,7010,757,574
325032,7011,707,568
325032,7012,659,569
325032,7013,809,593
325032,7014,752,552
325032,7015,648,481
325032,7016,562,433
325032,7017,571,482
325032,7018,515,437
325032,7019,681,493
325032,7020,577,420
325032,7021,472,349
325032,7022,366,271
325032,7023,537,389
325032,7024,431,314
325032,7025,326,240
325032,7026,221,160
325032,7027,389,283
325032,7028,284,207
325032,7029,179,133
325032,7030,74,54
325032,7031,126,97
325032,7032,382,277
325032,7033,282,205
325032,7034,176,131
325032,7035,71,51
325032,7036,429,311
325032,7037,322,236
325032,7038,218,160
325032,7039,573,415
325032,7040,464,337
325041,7001,908,674
325041,7002,857,671
325041,7003,809,673
325041,7004,806,613
325041,7005,761,572
325041,7006,711,571
325041,7007,663,577
325041,7008,855,638
325041,7009,711,545
325041,7010,614,470
325041,7011,564,464
325041,7012,516,465
325041,7013,666,489
325041,7014,609,448
325041,7015,505,377
325041,7016,419,329
325041,7017,427,379
325041,7018,371,333
325041,7019,538,389
325041,7020,434,316
325041,7021,329,245
325041,7022,223,167
325041,7023,394,285
325041,7024,288,210
325041,7025,183,136
325041,7026,78,56
325041,7027,384,279
325041,7028,279,203
325041,7029,174,129
325041,7030,69,50
325041,7031,121,93
325041,7032,525,381
325041,7033,425,309
325041,7034,320,235
325041,7035,214,155
325041,7036,572,415
325041,7037,466,340
325041,7038,361,264
325041,7039,716,519
325041,7040,609,440
325042,7001,920,683
325042,7002,868,680
325042,7003,821,682
325042,7004,818,622
325042,7005,773,581
325042,7006,722,580
325042,7007,675,586
325042,7008,867,647
325042,7009,723,554
325042,7010,626,479
325042,7011,576,473
325042,7012,528,474
325042,7013,677,498
325042,7014,621,457
325042,7015,517,386
325042,7016,431,338
325042,7017,439,387
325042,7018,383,342
325042,7019,550,398
325042,7020,445,325
325042,7021,341,254
325042,7022,235,176
325042,7023,406,294
325042,7024,300,219
325042,7025,195,145
325042,7026,90,65
325042,7027,373,270
325042,7028,267,194
325042,7029,163,120
325042,7030,57,41
325042,7031,109,84
325042,7032,513,372
325042,7033,413,300
325042,7034,308,226
325042,7035,202,146
325042,7036,560,406
325042,7037,454,331
325042,7038,349,255
325042,7039,704,510
325042,7040,597,431
325052,7001,755,561
325052,7002,704,558
325052,7003,657,560
325052,7004,654,500
325052,7005,609,459
325052,7006,558,458
325052,7007,511,464
325052,7008,702,525
325052,7009,559,432
325052,7010,462,357
325052,7011,412,351
325052,7012,363,352
325052,7013,513,376
325052,7014,456,335
325052,7015,353,264
325052,7016,267,216
325052,7017,275,266
325052,7018,219,220
325052,7019,386,276
325052,7020,281,203
325052,7021,176,132
325052,7022,70,54
325052,7023,391,280
325052,7024,285,205
325052,7025,180,131
325052,7026,75,51
325052,7027,537,386
325052,7028,432,310
325052,7029,327,236
325052,7030,222,157
325052,7031,273,200
325052,7032,678,488
325052,7033,577,416
325052,7034,472,342
325052,7035,367,262
325052,7036,724,522
325052,7037,618,447
325052,7038,513,371
325052,7039,869,626
325052,7040,761,547
326022,7001,955,701
326022,7002,1061,811
326022,7003,1167,914
326022,7004,859,620
326022,7005,808,599
326022,7006,913,711
326022,7007,1020,822
326022,7008,902,665
326022,7009,764,552
326022,7010,661,497
326022,7011,765,603
326022,7012,870,709
326022,7013,675,488
326022,7014,618,447
326022,7015,514,376
326022,7016,621,468
326022,7017,669,518
326022,7018,725,577
326022,7019,464,336
326022,7020,368,268
326022,7021,470,345
326022,7022,579,428
326022,7023,328,237
326022,7024,222,162
326022,7025,327,238
326022,7026,432,315
326022,7027,181,131
326022,7028,76,55
326022,7029,180,132
326022,7030,286,209
326022,7031,337,257
326022,7032,171,123
326022,7033,71,51
326022,7034,176,129
326022,7035,281,206
326022,7036,216,155
326022,7037,322,234
326022,7038,427,314
326022,7039,362,261
326022,7040,467,336
326032,7001,808,594
326032,7002,915,704
326032,7003,1020,807
326032,7004,713,513
326032,7005,662,492
326032,7006,768,608
326032,7007,874,715
326032,7008,755,558
326032,7009,618,445
326032,7010,515,390
326032,7011,619,496
326032,7012,724,602
326032,7013,529,381
326032,7014,472,340
326032,7015,368,269
326032,7016,474,361
326032,7017,523,412
326032,7018,579,470
326032,7019,318,229
326032,7020,222,161
326032,7021,324,239
326032,7022,433,321
326032,7023,181,130
326032,7024,75,55
326032,7025,180,131
326032,7026,286,208
326032,7027,176,127
326032,7028,70,51
326032,7029,175,128
326032,7030,280,205
326032,7031,332,253
326032,7032,317,229
326032,7033,217,157
326032,7034,322,233
326032,7035,428,312
326032,7036,362,261
326032,7037,467,338
326032,7038,573,420
326032,7039,508,367
326032,7040,610,439
326042,7001,659,485
326042,7002,765,595
326042,7003,871,698
326042,7004,563,404
326042,7005,512,383
326042,7006,618,499
326042,7007,724,606
326042,7008,606,449
326042,7009,468,336
326042,7010,365,281
326042,7011,469,387
326042,7012,574,493
326042,7013,379,272
326042,7014,322,231
326042,7015,218,160
326042,7016,325,252
326042,7017,373,303
326042,7018,429,361
326042,7019,168,120
326042,7020,72,52
326042,7021,174,130
326042,7022,283,212
326042,7023,180,128
326042,7024,74,53
326042,7025,179,129
326042,7026,284,206
326042,7027,325,234
326042,7028,220,158
326042,7029,325,235
326042,7030,430,312
326042,7031,482,360
326042,7032,467,336
326042,7033,367,264
326042,7034,472,340
326042,7035,577,419
326042,7036,512,368
326042,7037,617,445
326042,7038,723,527
326042,7039,658,474
326042,7040,759,546
326052,7001,513,378
326052,7002,619,488
326052,7003,725,591
326052,7004,415,295
326052,7005,366,276
326052,7006,473,392
326052,7007,579,499
326052,7008,456,325
326052,7009,320,227
326052,7010,219,174
326052,7011,323,280
326052,7012,429,386
326052,7013,233,165
326052,7014,172,121
326052,7015,72,53
326052,7016,179,145
326052,7017,227,196
326052,7018,283,254
326052,7019,180,126
326052,7020,74,51
326052,7021,176,129
326052,7022,285,211
326052,7023,327,232
326052,7024,220,155
326052,7025,325,231
326052,7026,430,308
326052,7027,471,336
326052,7028,366,260
326052,7029,471,337
326052,7030,576,414
326052,7031,627,462
326052,7032,617,441
326052,7033,512,366
326052,7034,617,442
326052,7035,723,521
326052,7036,658,470
326052,7037,763,547
326052,7038,869,629
326052,7039,804,576
326052,7040,905,648
326061,7001,333,237
326061,7002,439,347
326061,7003,545,450
326061,7004,267,190
326061,7005,186,135
326061,7006,293,251
326061,7007,398,358
326061,7008,280,201
326061,7009,144,103
326061,7010,39,33
326061,7011,143,139
326061,7012,248,245
326061,7013,268,181
326061,7014,212,140
326061,7015,108,69
326061,7016,177,133
326061,7017,225,184
326061,7018,281,242
326061,7019,359,244
326061,7020,254,171
326061,7021,305,213
326061,7022,353,251
326061,7023,506,350
326061,7024,400,275
326061,7025,450,313
326061,7026,498,355
326061,7027,651,456
326061,7028,546,380
326061,7029,597,419
326061,7030,644,461
326061,7031,696,504
326061,7032,793,558
326061,7033,693,486
326061,7034,744,524
326061,7035,789,566
326061,7036,838,590
326061,7037,889,629
326061,7038,936,675
326061,7039,984,696
326061,7040,1032,730
326062,7001,390,285
326062,7002,497,395
326062,7003,602,498
326062,7004,289,224
326062,7005,244,183
326062,7006,350,299
326062,7007,456,406
326062,7008,337,249
326062,7009,202,151
326062,7010,97,81
326062,7011,201,187
326062,7012,306,293
326062,7013,211,144
326062,7014,154,103
326062,7015,50,32
326062,7016,133,107
326062,7017,182,157
326062,7018,238,216
326062,7019,301,207
326062,7020,196,134
326062,7021,262,187
326062,7022,309,225
326062,7023,448,313
326062,7024,343,238
326062,7025,407,287
326062,7026,454,329
326062,7027,594,419
326062,7028,488,343
326062,7029,554,393
326062,7030,601,435
326062,7031,653,478
326062,7032,735,521
326062,7033,635,449
326062,7034,701,498
326062,7035,746,540
326062,7036,780,553
326062,7037,846,603
326062,7038,893,649
326062,7039,926,659
326062,7040,988,704
326071,7001,223,155
326071,7002,330,265
326071,7003,436,368
326071,7004,167,114
326071,7005,77,53
326071,7006,183,169
326071,7007,289,276
326071,7008,311,220
326071,7009,175,122
326071,7010,70,52
326071,7011,174,158
326071,7012,280,264
326071,7013,377,257
326071,7014,321,216
326071,7015,217,145
326071,7016,286,209
326071,7017,334,260
326071,7018,390,318
326071,7019,468,320
326071,7020,363,247
326071,7021,414,289
326071,7022,462,327
326071,7023,615,426
326071,7024,509,351
326071,7025,559,389
326071,7026,607,431
326071,7027,761,532
326071,7028,655,456
326071,7029,707,495
326071,7030,754,537
326071,7031,805,580
326071,7032,902,634
326071,7033,802,562
326071,7034,853,600
326071,7035,898,642
326071,7036,947,666
326071,7037,998,705
326071,7038,1045,751
326071,7039,1093,772
326071,7040,1141,806
326072,7001,209,145
326072,7002,315,255
326072,7003,421,358
326072,7004,152,104
326072,7005,62,43
326072,7006,169,159
326072,7007,275,266
326072,7008,326,231
326072,7009,190,133
326072,7010,85,63
326072,7011,189,169
326072,7012,294,275
326072,7013,392,268
326072,7014,335,227
326072,7015,232,156
326072,7016,300,220
326072,7017,349,271
326072,7018,405,329
326072,7019,482,331
326072,7020,378,258
326072,7021,429,300
326072,7022,476,338
326072,7023,630,437
326072,7024,524,362
326072,7025,574,400
326072,7026,621,442
326072,7027,775,543
326072,7028,670,467
326072,7029,721,506
326072,7030,768,548
326072,7031,820,591
326072,7032,917,645
326072,7033,816,573
326072,7034,868,611
326072,7035,913,653
326072,7036,962,677
326072,7037,1013,716
326072,7038,1060,762
326072,7039,1108,783
326072,7040,1155,817
326081,7001,86,61
326081,7002,174,158
326081,7003,280,261
326081,7004,223,155
326081,7005,79,57
326081,7006,167,160
326081,7007,273,267
326081,7008,463,329
326081,7009,317,223
326081,7010,226,167
326081,7011,312,264
326081,7012,419,371
326081,7013,522,370
326081,7014,466,329
326081,7015,373,260
326081,7016,442,324
326081,7017,490,374
326081,7018,546,433
326081,7019,613,434
326081,7020,519,362
326081,7021,570,404
326081,7022,618,442
326081,7023,759,540
326081,7024,665,466
326081,7025,715,504
326081,7026,763,546
326081,7027,903,644
326081,7028,811,571
326081,7029,863,610
326081,7030,910,652
326081,7031,961,695
326081,7032,1049,749
326081,7033,958,677
326081,7034,1009,715
326081,7035,1054,757
326081,7036,1103,781
326081,7037,1154,820
326081,7038,1201,866
326081,7039,1249,887
326081,7040,1297,921
326082,7001,75,52
326082,7002,181,162
326082,7003,287,265
326082,7004,214,149
326082,7005,72,52
326082,7006,177,167
326082,7007,283,274
326082,7008,449,318
326082,7009,309,217
326082,7010,219,162
326082,7011,323,268
326082,7012,428,374
326082,7013,526,367
326082,7014,457,323
326082,7015,365,255
326082,7016,434,319
326082,7017,483,370
326082,7018,539,428
326082,7019,604,428
326082,7020,512,357
326082,7021,563,399
326082,7022,610,437
326082,7023,751,534
326082,7024,658,461
326082,7025,708,499
326082,7026,755,541
326082,7027,895,638
326082,7028,804,566
326082,7029,855,605
326082,7030,902,647
326082,7031,954,690
326082,7032,1051,744
326082,7033,950,672
326082,7034,1001,710
326082,7035,1047,752
326082,7036,1096,776
326082,7037,1147,815
326082,7038,1194,861
326082,7039,1242,882
326082,7040,1289,916
363121,7001,585,421
363121,7002,534,418
363121,7003,622,514
363121,7004,484,360
363121,7005,439,319
363121,7006,388,318
363121,7007,477,418
363121,7008,532,385
363121,7009,389,292
363121,7010,292,217
363121,7011,241,211
363121,7012,329,306
363121,7013,343,236
363121,7014,286,195
363121,7015,182,124
363121,7016,96,76
363121,7017,145,127
363121,7018,185,174
363121,7019,394,271
363121,7020,289,198
363121,7021,184,127
363121,7022,100,70
363121,7023,540,376
363121,7024,434,301
363121,7025,329,227
363121,7026,245,174
363121,7027,686,483
363121,7028,581,407
363121,7029,477,333
363121,7030,392,280
363121,7031,443,323
363121,7032,829,584
363121,7033,728,512
363121,7034,623,438
363121,7035,537,385
363121,7036,875,618
363121,7037,768,543
363121,7038,683,494
363121,7039,1013,718
363121,7040,911,644
363122,7001,571,412
363122,7002,520,409
363122,7003,636,524
363122,7004,470,351
363122,7005,425,310
363122,7006,374,309
363122,7007,491,428
363122,7008,518,376
363122,7009,375,283
363122,7010,278,208
363122,7011,227,202
363122,7012,343,316
363122,7013,329,227
363122,7014,272,186
363122,7015,169,115
363122,7016,83,67
363122,7017,131,117
363122,7018,199,184
363122,7019,380,262
363122,7020,275,189
363122,7021,170,118
363122,7022,114,80
363122,7023,526,367
363122,7024,420,292
363122,7025,315,218
363122,7026,259,184
363122,7027,673,474
363122,7028,567,398
363122,7029,463,324
363122,7030,406,290
363122,7031,457,333
363122,7032,815,575
363122,7033,714,503
363122,7034,609,429
363122,7035,551,395
363122,7036,861,609
363122,7037,754,534
363122,7038,697,504
363122,7039,999,709
363122,7040,897,635
363131,7001,448,324
363131,7002,499,395
363131,7003,603,502
363131,7004,346,263
363131,7005,301,222
363131,7006,353,295
363131,7007,458,406
363131,7008,395,288
363131,7009,251,195
363131,7010,154,120
363131,7011,206,188
363131,7012,310,294
363131,7013,256,176
363131,7014,199,135
363131,7015,96,64
363131,7016,61,53
363131,7017,110,104
363131,7018,166,162
363131,7019,347,240
363131,7020,242,166
363131,7021,190,133
363131,7022,237,171
363131,7023,493,346
363131,7024,388,270
363131,7025,335,233
363131,7026,382,275
363131,7027,637,450
363131,7028,534,375
363131,7029,482,339
363131,7030,529,381
363131,7031,581,424
363131,7032,783,555
363131,7033,681,481
363131,7034,629,444
363131,7035,674,486
363131,7036,826,585
363131,7037,774,549
363131,7038,821,595
363131,7039,972,691
363131,7040,916,650
363132,7001,427,310
363132,7002,520,411
363132,7003,625,518
363132,7004,325,249
363132,7005,280,208
363132,7006,374,311
363132,7007,479,422
363132,7008,374,274
363132,7009,230,181
363132,7010,133,106
363132,7011,227,204
363132,7012,331,310
363132,7013,277,192
363132,7014,221,151
363132,7015,101,68
363132,7016,82,69
363132,7017,131,119
363132,7018,187,178
363132,7019,352,243
363132,7020,247,170
363132,7021,211,149
363132,7022,258,187
363132,7023,499,349
363132,7024,393,274
363132,7025,356,249
363132,7026,403,291
363132,7027,645,455
363132,7028,539,379
363132,7029,503,355
363132,7030,550,397
363132,7031,602,440
363132,7032,786,557
363132,7033,686,485
363132,7034,650,460
363132,7035,695,502
363132,7036,831,589
363132,7037,795,565
363132,7038,842,611
363132,7039,977,695
363132,7040,938,666
472281,7001,349,256
472281,7002,452,365
472281,7003,558,467
472281,7004,145,102
472281,7005,202,154
472281,7006,306,265
472281,7007,412,371
472281,7008,186,132
472281,7009,50,34
472281,7010,55,52
472281,7011,159,158
472281,7012,265,264
472281,7013,255,181
472281,7014,198,140
472281,7015,202,145
472281,7016,270,209
472281,7017,319,260
472281,7018,375,318
472281,7019,345,245
472281,7020,348,247
472281,7021,399,289
472281,7022,446,327
472281,7023,492,351
472281,7024,494,351
472281,7025,544,389
472281,7026,591,431
472281,7027,636,455
472281,7028,640,456
472281,7029,691,495
472281,7030,738,537
472281,7031,790,580
472281,7032,782,560
472281,7033,787,562
472281,7034,838,600
472281,7035,883,642
472281,7036,932,666
472281,7037,983,705
472281,7038,1030,751
472281,7039,1078,772
472281,7040,1126,806
502262,7001,691,503
502262,7002,639,500
502262,7003,640,542
502262,7004,652,462
502262,7005,544,401
502262,7006,493,400
502262,7007,494,446
502262,7008,693,492
502262,7009,557,394
502262,7010,397,299
502262,7011,347,293
502262,7012,347,334
502262,7013,464,328
502262,7014,409,288
502262,7015,304,216
502262,7016,202,158
502262,7017,250,209
502262,7018,202,202
502262,7019,262,181
502262,7020,158,108
502262,7021,53,37
502262,7022,53,41
502262,7023,409,287
502262,7024,304,212
502262,7025,198,137
502262,7026,198,140
502262,7027,553,391
502262,7028,450,317
502262,7029,345,243
502262,7030,345,246
502262,7031,397,289
502262,7032,699,496
502262,7033,596,423
502262,7034,492,348
502262,7035,490,351
502262,7036,742,527
502262,7037,637,453
502262,7038,637,460
502262,7039,888,633
502262,7040,779,554
502271,7001,641,470
502271,7002,637,502
502271,7003,743,620
502271,7004,549,391
502271,7005,494,368
502271,7006,491,402
502271,7007,597,509
502271,7008,590,421
502271,7009,454,323
502271,7010,347,266
502271,7011,344,295
502271,7012,450,412
502271,7013,361,257
502271,7014,306,217
502271,7015,200,145
502271,7016,199,160
502271,7017,248,210
502271,7018,305,280
502271,7019,159,110
502271,7020,54,37
502271,7021,48,37
502271,7022,157,119
502271,7023,305,216
502271,7024,201,141
502271,7025,195,139
502271,7026,302,218
502271,7027,449,320
502271,7028,346,246
502271,7029,343,245
502271,7030,449,324
502271,7031,500,367
502271,7032,596,425
502271,7033,493,352
502271,7034,489,350
502271,7035,593,429
502271,7036,638,456
502271,7037,635,455
502271,7038,740,538
502271,7039,784,562
502271,7040,777,556
502282,7001,623,459
502282,7002,727,569
502282,7003,833,687
502282,7004,459,329
502282,7005,476,357
502282,7006,581,469
502282,7007,687,576
502282,7008,499,359
502282,7009,364,261
502282,7010,329,255
502282,7011,435,362
502282,7012,540,479
502282,7013,272,196
502282,7014,216,155
502282,7015,182,134
502282,7016,290,227
502282,7017,337,277
502282,7018,396,347
502282,7019,69,48
502282,7020,36,26
502282,7021,138,104
502282,7022,247,186
502282,7023,215,154
502282,7024,182,130
502282,7025,286,206
502282,7026,392,285
502282,7027,359,258
502282,7028,328,235
502282,7029,433,312
502282,7030,539,391
502282,7031,590,434
502282,7032,505,363
502282,7033,475,341
502282,7034,579,417
502282,7035,684,496
502282,7036,620,445
502282,7037,725,522
502282,7038,830,605
502282,7039,766,551
502282,7040,867,623
542301,7001,197,142
542301,7002,199,157
542301,7003,304,260
542301,7004,202,141
542301,7005,50,40
542301,7006,53,57
542301,7007,158,164
542301,7008,428,306
542301,7009,292,208
542301,7010,197,150
542301,7011,198,161
542301,7012,304,268
542301,7013,504,355
542301,7014,445,315
542301,7015,344,243
542301,7016,344,256
542301,7017,393,307
542301,7018,450,367
542301,7019,593,420
542301,7020,490,345
542301,7021,493,355
542301,7022,540,393
542301,7023,739,526
542301,7024,636,449
542301,7025,638,455
542301,7026,685,497
542301,7027,883,630
542301,7028,782,554
542301,7029,785,561
542301,7030,832,603
542301,7031,884,646
542301,7032,1029,735
542301,7033,929,660
542301,7034,932,666
542301,7035,977,708
542301,7036,1074,764
542301,7037,1077,771
542301,7038,1124,817
542301,7039,1220,870
542301,7040,1220,872
542302,7001,197,142
542302,7002,203,162
542302,7003,308,265
542302,7004,202,141
542302,7005,50,40
542302,7006,57,62
542302,7007,162,169
542302,7008,428,306
542302,7009,292,208
542302,7010,197,150
542302,7011,202,166
542302,7012,308,273
542302,7013,504,355
542302,7014,445,315
542302,7015,344,243
542302,7016,348,261
542302,7017,396,312
542302,7018,454,372
542302,7019,593,420
542302,7020,490,345
542302,7021,497,360
542302,7022,544,398
542302,7023,739,526
542302,7024,636,449
542302,7025,642,460
542302,7026,689,502
542302,7027,883,630
542302,7028,782,554
542302,7029,789,566
542302,7030,836,608
542302,7031,888,651
542302,7032,1029,735
542302,7033,929,660
542302,7034,936,671
542302,7035,981,713
542302,7036,1074,764
542302,7037,1081,776
542302,7038,1128,822
542302,7039,1220,870
542302,7040,1223,877
546271,7001,493,354
546271,7002,454,357
546271,7003,558,464
546271,7004,437,302
546271,7005,346,252
546271,7006,308,257
546271,7007,413,368
546271,7008,478,332
546271,7009,342,234
546271,7010,199,150
546271,7011,161,150
546271,7012,265,256
546271,7013,251,169
546271,7014,194,128
546271,7015,90,57
546271,7016,16,15
546271,7017,65,66
546271,7018,121,124
546271,7019,341,233
546271,7020,236,159
546271,7021,165,114
546271,7022,232,164
546271,7023,487,339
546271,7024,383,263
546271,7025,310,214
546271,7026,377,268
546271,7027,631,443
546271,7028,528,368
546271,7029,458,320
546271,7030,524,374
546271,7031,575,417
546271,7032,778,548
546271,7033,675,474
546271,7034,604,425
546271,7035,668,479
546271,7036,820,578
546271,7037,749,530
546271,7038,815,588
546271,7039,966,684
546271,7040,892,631
546272,7001,475,346
546272,7002,510,405
546272,7003,614,512
546272,7004,381,266
546272,7005,328,244
546272,7006,364,305
546272,7007,469,416
546272,7008,422,296
546272,7009,286,198
546272,7010,181,142
546272,7011,217,198
546272,7012,321,304
546272,7013,195,133
546272,7014,138,92
546272,7015,34,21
546272,7016,72,63
546272,7017,121,114
546272,7018,177,172
546272,7019,285,197
546272,7020,180,123
546272,7021,201,143
546272,7022,248,181
546272,7023,432,303
546272,7024,327,227
546272,7025,345,243
546272,7026,393,285
546272,7027,576,407
546272,7028,473,332
546272,7029,493,349
546272,7030,540,391
546272,7031,592,434
546272,7032,722,512
546272,7033,619,438
546272,7034,639,454
546272,7035,685,496
546272,7036,764,542
546272,7037,785,559
546272,7038,832,605
546272,7039,910,648
546272,7040,927,660
546273,7001,469,343
546273,7002,515,410
546273,7003,620,517
546273,7004,375,263
546273,7005,322,241
546273,7006,369,310
546273,7007,474,421
546273,7008,416,293
546273,7009,280,195
546273,7010,175,139
546273,7011,223,203
546273,7012,327,309
546273,7013,189,130
546273,7014,132,89
546273,7015,29,18
546273,7016,78,68
546273,7017,126,119
546273,7018,182,177
546273,7019,279,194
546273,7020,175,120
546273,7021,206,148
546273,7022,254,186
546273,7023,426,300
546273,7024,321,224
546273,7025,351,248
546273,7026,399,290
546273,7027,570,404
546273,7028,467,329
546273,7029,499,354
546273,7030,546,396
546273,7031,597,439
546273,7032,716,509
546273,7033,613,435
546273,7034,645,459
546273,7035,691,501
546273,7036,759,539
546273,7037,790,564
546273,7038,837,610
546273,7039,905,645
546273,7040,933,665
546281,7001,491,363
546281,7002,594,472
546281,7003,699,579
546281,7004,296,211
546281,7005,344,261
546281,7006,448,372
546281,7007,553,483
546281,7008,337,241
546281,7009,202,143
546281,7010,197,159
546281,7011,302,265
546281,7012,406,371
546281,7013,110,78
546281,7014,53,37
546281,7015,50,38
546281,7016,157,130
546281,7017,205,181
546281,7018,261,239
546281,7019,201,142
546281,7020,197,140
546281,7021,285,210
546281,7022,333,248
546281,7023,347,248
546281,7024,343,244
546281,7025,430,310
546281,7026,478,352
546281,7027,491,352
546281,7028,489,349
546281,7029,578,416
546281,7030,625,458
546281,7031,676,501
546281,7032,637,457
546281,7033,635,455
546281,7034,724,521
546281,7035,769,563
546281,7036,780,559
546281,7037,869,626
546281,7038,916,672
546281,7039,927,665
546281,7040,1012,727
546282,7001,460,340
546282,7002,564,449
546282,7003,669,556
546282,7004,327,231
546282,7005,314,238
546282,7006,418,349
546282,7007,523,460
546282,7008,368,261
546282,7009,232,163
546282,7010,167,136
546282,7011,271,242
546282,7012,375,348
546282,7013,141,98
546282,7014,84,57
546282,7015,20,15
546282,7016,126,107
546282,7017,175,158
546282,7018,231,216
546282,7019,231,162
546282,7020,166,117
546282,7021,255,187
546282,7022,302,225
546282,7023,377,268
546282,7024,313,221
546282,7025,400,287
546282,7026,447,329
546282,7027,521,372
546282,7028,458,326
546282,7029,547,393
546282,7030,594,435
546282,7031,646,478
546282,7032,668,477
546282,7033,605,432
546282,7034,694,498
546282,7035,739,540
546282,7036,750,536
546282,7037,839,603
546282,7038,886,649
546282,7039,896,642
546282,7040,982,704
562231,7001,1001,741
562231,7002,950,738
562231,7003,902,740
562231,7004,899,680
562231,7005,854,639
562231,7006,803,638
562231,7007,756,644
562231,7008,948,705
562231,7009,804,612
562231,7010,707,537
562231,7011,657,531
562231,7012,609,532
562231,7013,759,556
562231,7014,702,515
562231,7015,598,444
562231,7016,512,396
562231,7017,520,446
562231,7018,464,400
562231,7019,629,460
562231,7020,526,388
562231,7021,421,317
562231,7022,316,234
562231,7023,483,355
562231,7024,379,282
562231,7025,276,208
562231,7026,171,123
562231,7027,339,251
562231,7028,234,175
562231,7029,129,101
562231,7030,24,17
562231,7031,28,21
562231,7032,485,356
562231,7033,380,281
562231,7034,275,206
562231,7035,169,122
562231,7036,525,385
562231,7037,421,311
562231,7038,315,231
562231,7039,671,491
562231,7040,563,412
562241,7001,986,722
562241,7002,935,719
562241,7003,927,759
562241,7004,947,680
562241,7005,840,620
562241,7006,789,619
562241,7007,782,663
562241,7008,988,710
562241,7009,852,612
562241,7010,693,518
562241,7011,642,512
562241,7012,634,551
562241,7013,761,547
562241,7014,704,506
562241,7015,599,435
562241,7016,498,377
562241,7017,546,427
562241,7018,490,419
562241,7019,557,399
562241,7020,453,327
562241,7021,349,256
562241,7022,341,253
562241,7023,410,294
562241,7024,307,221
562241,7025,204,147
562241,7026,196,142
562241,7027,266,190
562241,7028,161,114
562241,7029,56,40
562241,7030,49,36
562241,7031,101,84
562241,7032,412,295
562241,7033,307,220
562241,7034,203,145
562241,7035,194,141
562241,7036,453,324
562241,7037,348,250
562241,7038,341,250
562241,7039,599,430
562241,7040,491,351
562242,7001,992,726
562242,7002,941,723
562242,7003,922,755
562242,7004,953,684
562242,7005,845,624
562242,7006,795,623
562242,7007,776,659
562242,7008,993,714
562242,7009,858,616
562242,7010,698,522
562242,7011,648,516
562242,7012,628,547
562242,7013,766,551
562242,7014,710,510
562242,7015,605,439
562242,7016,503,381
562242,7017,552,431
562242,7018,484,415
562242,7019,562,403
562242,7020,459,331
562242,7021,354,260
562242,7022,335,249
562242,7023,416,298
562242,7024,312,225
562242,7025,209,151
562242,7026,190,138
562242,7027,272,194
562242,7028,167,118
562242,7029,62,44
562242,7030,43,32
562242,7031,95,80
562242,7032,418,299
562242,7033,313,224
562242,7034,208,149
562242,7035,188,137
562242,7036,458,328
562242,7037,354,254
562242,7038,335,246
562242,7039,604,434
562242,7040,496,355
562252,7001,934,686
562252,7002,928,715
562252,7003,1034,818
562252,7004,841,606
562252,7005,787,584
562252,7006,782,615
562252,7007,888,722
562252,7008,882,636
562252,7009,746,538
562252,7010,640,482
562252,7011,635,508
562252,7012,740,628
562252,7013,655,473
562252,7014,598,432
562252,7015,494,361
562252,7016,490,373
562252,7017,539,424
562252,7018,595,496
562252,7019,451,325
562252,7020,348,253
562252,7021,342,252
562252,7022,446,330
562252,7023,305,220
562252,7024,201,147
562252,7025,197,143
562252,7026,301,219
562252,7027,161,116
562252,7028,55,40
562252,7029,49,36
562252,7030,155,113
562252,7031,206,161
562252,7032,307,221
562252,7033,202,146
562252,7034,196,141
562252,7035,299,218
562252,7036,347,250
562252,7037,341,246
562252,7038,446,327
562252,7039,493,356
562252,7040,483,347
562261,7001,920,676
562261,7002,1025,786
562261,7003,1130,889
562261,7004,745,536
562261,7005,773,574
562261,7006,879,686
562261,7007,984,793
562261,7008,785,566
562261,7009,650,468
562261,7010,626,472
562261,7011,732,579
562261,7012,836,684
562261,7013,558,403
562261,7014,502,362
562261,7015,480,351
562261,7016,587,444
562261,7017,635,493
562261,7018,692,567
562261,7019,354,255
562261,7020,334,243
562261,7021,438,323
562261,7022,543,401
562261,7023,208,150
562261,7024,187,137
562261,7025,293,214
562261,7026,398,290
562261,7027,64,46
562261,7028,41,30
562261,7029,146,107
562261,7030,251,184
562261,7031,303,232
562261,7032,210,151
562261,7033,188,136
562261,7034,292,212
562261,7035,396,289
562261,7036,333,240
562261,7037,438,317
562261,7038,543,398
562261,7039,479,346
562261,7040,580,418
562262,7001,929,682
562262,7002,1034,792
562262,7003,1140,895
562262,7004,736,530
562262,7005,782,580
562262,7006,888,692
562262,7007,993,799
562262,7008,776,560
562262,7009,641,462
562262,7010,635,478
562262,7011,741,585
562262,7012,845,690
562262,7013,549,397
562262,7014,493,356
562262,7015,489,357
562262,7016,596,450
562262,7017,644,500
562262,7018,701,573
562262,7019,345,249
562262,7020,343,249
562262,7021,447,329
562262,7022,552,407
562262,7023,199,144
562262,7024,196,143
562262,7025,302,220
562262,7026,407,296
562262,7027,55,40
562262,7028,50,36
562262,7029,155,113
562262,7030,260,190
562262,7031,312,238
562262,7032,201,145
562262,7033,197,142
562262,7034,301,218
562262,7035,405,295
562262,7036,342,246
562262,7037,447,323
562262,7038,552,404
562262,7039,488,352
562262,7040,589,424
585012,7001,1306,954
585012,7002,1254,951
585012,7003,1360,1054
585012,7004,1204,893
585012,7005,1159,852
585012,7006,1108,851
585012,7007,1214,958
585012,7008,1253,918
585012,7009,1109,825
585012,7010,1012,750
585012,7011,962,744
585012,7012,1067,850
585012,7013,1063,769
585012,7014,1007,728
585012,7015,919,667
585012,7016,817,609
585012,7017,865,660
585012,7018,921,718
585012,7019,877,632
585012,7020,773,559
585012,7021,668,488
585012,7022,774,568
585012,7023,734,528
585012,7024,628,453
585012,7025,523,379
585012,7026,628,456
585012,7027,585,422
585012,7028,480,346
585012,7029,376,272
585012,7030,481,349
585012,7031,533,397
585012,7032,435,313
585012,7033,334,241
585012,7034,229,167
585012,7035,335,244
585012,7036,190,137
585012,7037,84,62
585012,7038,189,142
585012,7039,160,115
585012,7040,56,39
585022,7001,1160,847
585022,7002,1109,844
585022,7003,1214,947
585022,7004,1058,786
585022,7005,1013,745
585022,7006,963,744
585022,7007,1068,851
585022,7008,1107,811
585022,7009,963,718
585022,7010,866,643
585022,7011,816,637
585022,7012,921,743
585022,7013,918,662
585022,7014,861,621
585022,7015,773,560
585022,7016,671,502
585022,7017,720,553
585022,7018,776,611
585022,7019,732,525
585022,7020,627,452
585022,7021,522,381
585022,7022,628,461
585022,7023,588,421
585022,7024,482,346
585022,7025,377,272
585022,7026,483,349
585022,7027,440,315
585022,7028,335,239
585022,7029,230,165
585022,7030,335,242
585022,7031,387,290
585022,7032,289,206
585022,7033,189,134
585022,7034,83,60
585022,7035,189,137
585022,7036,168,120
585022,7037,62,45
585022,7038,167,125
585022,7039,306,220
585022,7040,204,146
585031,7001,1012,741
585031,7002,961,738
585031,7003,1067,841
585031,7004,911,680
585031,7005,866,639
585031,7006,815,638
585031,7007,921,745
585031,7008,959,705
585031,7009,816,612
585031,7010,719,537
585031,7011,668,531
585031,7012,774,637
585031,7013,770,556
585031,7014,713,515
585031,7015,626,454
585031,7016,524,396
585031,7017,572,447
585031,7018,628,505
585031,7019,584,419
585031,7020,479,346
585031,7021,375,275
585031,7022,481,355
585031,7023,440,315
585031,7024,335,240
585031,7025,230,166
585031,7026,335,243
585031,7027,292,209
585031,7028,187,133
585031,7029,82,59
585031,7030,188,136
585031,7031,239,184
585031,7032,270,192
585031,7033,169,120
585031,7034,64,46
585031,7035,170,123
585031,7036,316,226
585031,7037,209,151
585031,7038,314,231
585031,7039,454,326
585031,7040,352,252
585032,7001,1006,736
585032,7002,954,733
585032,7003,1060,836
585032,7004,904,675
585032,7005,859,634
585032,7006,808,633
585032,7007,914,740
585032,7008,953,700
585032,7009,809,607
585032,7010,712,532
585032,7011,662,526
585032,7012,767,632
585032,7013,763,551
585032,7014,707,510
585032,7015,619,449
585032,7016,517,391
585032,7017,565,442
585032,7018,621,500
585032,7019,577,414
585032,7020,473,341
585032,7021,368,270
585032,7022,474,350
585032,7023,434,310
585032,7024,328,235
585032,7025,223,161
585032,7026,328,238
585032,7027,286,204
585032,7028,180,128
585032,7029,76,54
585032,7030,181,131
585032,7031,233,179
585032,7032,276,197
585032,7033,176,125
585032,7034,71,51
585032,7035,176,128
585032,7036,322,231
585032,7037,216,156
585032,7038,321,236
585032,7039,461,331
585032,7040,359,257
585041,7001,858,630
585041,7002,807,627
585041,7003,913,730
585041,7004,756,569
585041,7005,711,528
585041,7006,661,527
585041,7007,767,634
585041,7008,805,594
585041,7009,662,501
585041,7010,564,426
585041,7011,514,420
585041,7012,620,526
585041,7013,616,445
585041,7014,559,404
585041,7015,455,333
585041,7016,369,285
585041,7017,418,335
585041,7018,474,394
585041,7019,430,308
585041,7020,325,235
585041,7021,220,164
585041,7022,327,244
585041,7023,286,204
585041,7024,180,129
585041,7025,76,55
585041,7026,181,132
585041,7027,282,202
585041,7028,176,126
585041,7029,72,52
585041,7030,177,129
585041,7031,229,177
585041,7032,424,303
585041,7033,323,231
585041,7034,218,157
585041,7035,324,234
585041,7036,468,336
585041,7037,364,262
585041,7038,468,342
585041,7039,608,437
585041,7040,506,363
585042,7001,844,619
585042,7002,793,616
585042,7003,898,719
585042,7004,742,558
585042,7005,697,517
585042,7006,647,516
585042,7007,752,623
585042,7008,791,583
585042,7009,647,490
585042,7010,550,415
585042,7011,500,409
585042,7012,605,515
585042,7013,602,434
585042,7014,545,393
585042,7015,441,322
585042,7016,355,274
585042,7017,404,325
585042,7018,460,383
585042,7019,416,297
585042,7020,311,224
585042,7021,206,153
585042,7022,312,233
585042,7023,272,193
585042,7024,166,118
585042,7025,61,44
585042,7026,167,121
585042,7027,296,212
585042,7028,191,136
585042,7029,86,62
585042,7030,191,139
585042,7031,243,187
585042,7032,438,313
585042,7033,338,241
585042,7034,233,167
585042,7035,338,244
585042,7036,482,346
585042,7037,378,272
585042,7038,483,352
585042,7039,622,447
585042,7040,520,373
585051,7001,715,524
585051,7002,663,521
585051,7003,769,624
585051,7004,613,463
585051,7005,568,422
585051,7006,517,421
585051,7007,623,528
585051,7008,662,488
585051,7009,518,395
585051,7010,421,320
585051,7011,371,314
585051,7012,476,420
585051,7013,472,339
585051,7014,416,298
585051,7015,312,227
585051,7016,226,179
585051,7017,274,230
585051,7018,330,288
585051,7019,286,202
585051,7020,182,129
585051,7021,77,58
585051,7022,183,138
585051,7023,279,196
585051,7024,173,121
585051,7025,68,47
585051,7026,173,124
585051,7027,425,303
585051,7028,320,227
585051,7029,215,153
585051,7030,321,230
585051,7031,372,278
585051,7032,567,404
585051,7033,467,332
585051,7034,362,258
585051,7035,467,335
585051,7036,613,438
585051,7037,507,363
585051,7038,612,443
585051,7039,752,538
585051,7040,650,464
585052,7001,708,519
585052,7002,657,516
585052,7003,763,619
585052,7004,607,458
585052,7005,562,417
585052,7006,511,416
585052,7007,617,523
585052,7008,655,483
585052,7009,512,390
585052,7010,415,315
585052,7011,365,309
585052,7012,470,415
585052,7013,466,334
585052,7014,409,293
585052,7015,306,222
585052,7016,220,174
585052,7017,268,225
585052,7018,324,283
585052,7019,280,197
585052,7020,175,124
585052,7021,71,53
585052,7022,177,133
585052,7023,285,200
585052,7024,179,125
585052,7025,74,51
585052,7026,179,128
585052,7027,431,307
585052,7028,326,231
585052,7029,222,157
585052,7030,327,234
585052,7031,379,282
585052,7032,574,408
585052,7033,473,336
585052,7034,368,262
585052,7035,474,339
585052,7036,620,442
585052,7037,513,367
585052,7038,618,447
585052,7039,758,542
585052,7040,656,468
585061,7001,572,415
585061,7002,521,412
585061,7003,627,515
585061,7004,470,354
585061,7005,425,313
585061,7006,375,312
585061,7007,481,419
585061,7008,519,379
585061,7009,375,286
585061,7010,278,211
585061,7011,228,205
585061,7012,334,311
585061,7013,330,230
585061,7014,273,189
585061,7015,169,118
585061,7016,83,70
585061,7017,132,121
585061,7018,188,179
585061,7019,272,187
585061,7020,168,114
585061,7021,63,43
585061,7022,169,123
585061,7023,418,292
585061,7024,313,217
585061,7025,208,143
585061,7026,313,220
585061,7027,565,399
585061,7028,460,323
585061,7029,355,249
585061,7030,461,326
585061,7031,512,374
585061,7032,707,500
585061,7033,607,428
585061,7034,502,354
585061,7035,607,431
585061,7036,753,534
585061,7037,647,459
585061,7038,752,539
585061,7039,892,634
585061,7040,790,560
585092,7001,183,130
585092,7002,76,52
585092,7003,182,155
585092,7004,329,238
585092,7005,176,137
585092,7006,70,53
585092,7007,176,160
585092,7008,561,401
585092,7009,426,303
585092,7010,321,233
585092,7011,215,157
585092,7012,322,264
585092,7013,628,432
585092,7014,571,391
585092,7015,468,320
585092,7016,361,252
585092,7017,410,303
585092,7018,466,361
585092,7019,720,495
585092,7020,615,422
585092,7021,510,351
585092,7022,558,389
585092,7023,866,600
585092,7024,760,525
585092,7025,655,451
585092,7026,703,493
585092,7027,1012,707
585092,7028,907,631
585092,7029,803,557
585092,7030,850,599
585092,7031,901,642
585092,7032,1154,808
585092,7033,1054,736
585092,7034,949,662
585092,7035,994,704
585092,7036,1200,842
585092,7037,1094,767
585092,7038,1141,813
585092,7039,1339,942
585092,7040,1237,868
612311,7001,38,27
612311,7002,69,73
612311,7003,174,176
612311,7004,290,206
612311,7005,184,134
612311,7006,215,184
612311,7007,320,290
612311,7008,521,372
612311,7009,385,274
612311,7010,332,244
612311,7011,360,288
612311,7012,466,394
612311,7013,590,421
612311,7014,533,380
612311,7015,478,337
612311,7016,506,383
612311,7017,555,433
612311,7018,612,493
612311,7019,681,485
612311,7020,624,439
612311,7021,655,482
612311,7022,723,519
612311,7023,827,591
612311,7024,771,543
612311,7025,800,582
612311,7026,868,623
612311,7027,971,695
612311,7028,917,648
612311,7029,947,688
612311,7030,1015,729
612311,7031,1067,772
612311,7032,1117,800
612311,7033,1063,754
612311,7034,1094,793
612311,7035,1160,834
612311,7036,1208,858
612311,7037,1239,898
612311,7038,1307,943
612311,7039,1354,964
612311,7040,1382,999
612312,7001,56,40
612312,7002,51,54
612312,7003,156,157
612312,7004,308,219
612312,7005,202,147
612312,7006,197,165
612312,7007,302,271
612312,7008,539,385
612312,7009,403,287
612312,7010,349,257
612312,7011,342,269
612312,7012,448,375
612312,7013,608,434
612312,7014,551,393
612312,7015,496,350
612312,7016,488,364
612312,7017,537,414
612312,7018,594,474
612312,7019,698,498
612312,7020,642,452
612312,7021,637,463
612312,7022,685,501
612312,7023,845,604
612312,7024,789,556
612312,7025,782,563
612312,7026,830,605
612312,7027,989,708
612312,7028,934,661
612312,7029,930,669
612312,7030,977,711
612312,7031,1028,754
612312,7032,1135,813
612312,7033,1081,767
612312,7034,1076,774
612312,7035,1121,816
612312,7036,1226,871
612312,7037,1221,879
612312,7038,1268,925
612312,7039,1372,977
612312,7040,1364,980
616231,7001,1141,833
616231,7002,1089,830
616231,7003,1060,855
616231,7004,1097,787
616231,7005,994,731
616231,7006,943,730
616231,7007,915,759
616231,7008,1137,817
616231,7009,1002,719
616231,7010,847,629
616231,7011,797,623
616231,7012,767,647
616231,7013,910,654
616231,7014,854,613
616231,7015,754,546
616231,7016,652,488
616231,7017,700,539
616231,7018,623,515
616231,7019,706,506
616231,7020,608,438
616231,7021,503,367
616231,7022,474,349
616231,7023,560,401
616231,7024,462,332
616231,7025,358,258
616231,7026,329,238
616231,7027,416,297
616231,7028,316,225
616231,7029,211,151
616231,7030,182,132
616231,7031,233,179
616231,7032,270,192
616231,7033,169,120
616231,7034,64,46
616231,7035,37,27
616231,7036,315,224
616231,7037,209,151
616231,7038,184,136
616231,7039,461,330
616231,7040,352,252
616241,7001,1082,791
616241,7002,1074,820
616241,7003,1180,923
616241,7004,984,707
616241,7005,935,689
616241,7006,928,720
616241,7007,1034,827
616241,7008,1024,737
616241,7009,889,639
616241,7010,788,587
616241,7011,781,613
616241,7012,884,733
616241,7013,797,574
616241,7014,741,533
616241,7015,641,466
616241,7016,637,478
616241,7017,685,529
616241,7018,740,601
616241,7019,593,426
616241,7020,495,358
616241,7021,488,357
616241,7022,591,435
616241,7023,447,321
616241,7024,349,252
616241,7025,343,248
616241,7026,446,324
616241,7027,303,217
616241,7028,203,145
616241,7029,195,141
616241,7030,299,218
616241,7031,350,265
616241,7032,157,112
616241,7033,56,40
616241,7034,49,36
616241,7035,154,113
616241,7036,202,144
616241,7037,194,141
616241,7038,301,222
616241,7039,348,250
616241,7040,337,242
616242,7001,1110,811
616242,7002,1045,799
616242,7003,1151,902
616242,7004,1012,727
616242,7005,964,709
616242,7006,899,699
616242,7007,1005,806
616242,7008,1053,757
616242,7009,917,659
616242,7010,817,607
616242,7011,753,592
616242,7012,856,712
616242,7013,826,594
616242,7014,769,553
616242,7015,670,486
616242,7016,608,457
616242,7017,656,508
616242,7018,711,580
616242,7019,622,446
616242,7020,524,378
616242,7021,459,336
616242,7022,562,414
616242,7023,476,341
616242,7024,378,272
616242,7025,314,227
616242,7026,417,303
616242,7027,332,237
616242,7028,232,165
616242,7029,167,120
616242,7030,271,197
616242,7031,322,244
616242,7032,185,132
616242,7033,85,60
616242,7034,20,15
616242,7035,126,92
616242,7036,230,164
616242,7037,165,120
616242,7038,272,201
616242,7039,376,270
616242,7040,308,221
664232,7001,1238,903
664232,7002,1209,918
664232,7003,1315,1021
664232,7004,1143,822
664232,7005,1092,801
664232,7006,1063,818
664232,7007,1169,925
664232,7008,1185,867
664232,7009,1048,754
664232,7010,945,699
664232,7011,916,711
664232,7012,1022,817
664232,7013,959,690
664232,7014,902,649
664232,7015,798,578
664232,7016,771,576
664232,7017,820,626
664232,7018,876,685
664232,7019,748,538
664232,7020,652,470
664232,7021,622,455
664232,7022,727,534
664232,7023,611,439
664232,7024,505,364
664232,7025,478,346
664232,7026,582,423
664232,7027,465,333
664232,7028,360,257
664232,7029,330,239
664232,7030,435,317
664232,7031,486,360
664232,7032,279,200
664232,7033,213,152
664232,7034,184,134
664232,7035,290,212
664232,7036,68,48
664232,7037,38,29
664232,7038,143,109
664232,7039,214,154
664232,7040,181,130
681251,7001,837,614
681251,7002,786,611
681251,7003,782,654
681251,7004,802,574
681251,7005,691,512
681251,7006,640,511
681251,7007,636,558
681251,7008,843,604
681251,7009,707,506
681251,7010,544,410
681251,7011,494,404
681251,7012,489,446
681251,7013,613,439
681251,7014,559,400
681251,7015,452,327
681251,7016,349,269
681251,7017,397,320
681251,7018,344,314
681251,7019,412,293
681251,7020,306,219
681251,7021,200,148
681251,7022,195,148
681251,7023,266,188
681251,7024,160,113
681251,7025,55,39
681251,7026,50,37
681251,7027,410,292
681251,7028,306,218
681251,7029,202,145
681251,7030,197,143
681251,7031,249,186
681251,7032,556,397
681251,7033,452,324
681251,7034,349,250
681251,7035,342,248
681251,7036,597,428
681251,7037,494,355
681251,7038,489,357
681251,7039,743,534
681251,7040,637,456
681252,7001,830,609
681252,7002,779,606
681252,7003,789,659
681252,7004,795,569
681252,7005,684,507
681252,7006,633,506
681252,7007,643,563
681252,7008,836,599
681252,7009,700,501
681252,7010,537,405
681252,7011,486,399
681252,7012,496,451
681252,7013,606,434
681252,7014,552,395
681252,7015,445,322
681252,7016,342,264
681252,7017,390,315
681252,7018,351,319
681252,7019,405,288
681252,7020,299,214
681252,7021,193,143
681252,7022,203,153
681252,7023,258,183
681252,7024,153,108
681252,7025,48,34
681252,7026,58,42
681252,7027,403,287
681252,7028,298,213
681252,7029,195,140
681252,7030,204,148
681252,7031,256,191
681252,7032,549,392
681252,7033,445,319
681252,7034,342,245
681252,7035,349,253
681252,7036,590,423
681252,7037,487,350
681252,7038,496,362
681252,7039,736,529
681252,7040,629,451
681261,7001,792,580
681261,7002,777,605
681261,7003,883,708
681261,7004,701,502
681261,7005,645,478
681261,7006,631,505
681261,7007,737,612
681261,7008,742,532
681261,7009,606,434
681261,7010,498,376
681261,7011,485,398
681261,7012,590,504
681261,7013,512,367
681261,7014,458,328
681261,7015,351,255
681261,7016,340,263
681261,7017,388,314
681261,7018,445,387
681261,7019,311,221
681261,7020,205,147
681261,7021,191,142
681261,7022,296,221
681261,7023,165,116
681261,7024,59,41
681261,7025,46,33
681261,7026,151,110
681261,7027,309,220
681261,7028,205,146
681261,7029,193,139
681261,7030,298,216
681261,7031,350,259
681261,7032,455,325
681261,7033,351,252
681261,7034,340,244
681261,7035,443,321
681261,7036,497,356
681261,7037,485,349
681261,7038,590,430
681261,7039,643,462
681261,7040,628,450
681262,7001,783,574
681262,7002,786,612
681262,7003,892,715
681262,7004,693,496
681262,7005,636,472
681262,7006,640,512
681262,7007,746,619
681262,7008,733,526
681262,7009,598,428
681262,7010,489,370
681262,7011,493,405
681262,7012,599,511
681262,7013,503,361
681262,7014,450,322
681262,7015,343,249
681262,7016,348,270
681262,7017,397,320
681262,7018,454,394
681262,7019,302,215
681262,7020,196,141
681262,7021,199,149
681262,7022,305,228
681262,7023,156,110
681262,7024,50,35
681262,7025,55,40
681262,7026,160,117
681262,7027,300,214
681262,7028,196,140
681262,7029,202,146
681262,7030,307,223
681262,7031,359,266
681262,7032,446,319
681262,7033,343,246
681262,7034,349,251
681262,7035,452,328
681262,7036,488,350
681262,7037,494,356
681262,7038,599,437
681262,7039,634,456
681262,7040,636,457
681271,7001,777,571
681271,7002,881,680
681271,7003,986,783
681271,7004,598,429
681271,7005,631,469
681271,7006,735,580
681271,7007,840,687
681271,7008,639,459
681271,7009,503,361
681271,7010,484,367
681271,7011,588,473
681271,7012,693,579
681271,7013,412,296
681271,7014,355,255
681271,7015,337,246
681271,7016,443,338
681271,7017,492,389
681271,7018,548,462
681271,7019,208,148
681271,7020,191,138
681271,7021,294,217
681271,7022,400,296
681271,7023,61,43
681271,7024,45,32
681271,7025,149,108
681271,7026,255,185
681271,7027,205,147
681271,7028,190,137
681271,7029,297,214
681271,7030,402,291
681271,7031,453,334
681271,7032,352,252
681271,7033,337,243
681271,7034,443,319
681271,7035,546,396
681271,7036,482,347
681271,7037,589,424
681271,7038,693,505
681271,7039,628,453
681271,7040,731,525
681272,7001,782,575
681272,7002,885,684
681272,7003,991,787
681272,7004,593,426
681272,7005,635,473
681272,7006,739,584
681272,7007,845,691
681272,7008,634,456
681272,7009,498,358
681272,7010,488,371
681272,7011,593,477
681272,7012,698,583
681272,7013,407,293
681272,7014,350,252
681272,7015,342,250
681272,7016,448,342
681272,7017,496,392
681272,7018,553,466
681272,7019,203,145
681272,7020,195,142
681272,7021,299,221
681272,7022,404,300
681272,7023,57,40
681272,7024,49,36
681272,7025,154,112
681272,7026,259,189
681272,7027,201,144
681272,7028,195,141
681272,7029,301,218
681272,7030,406,295
681272,7031,458,338
681272,7032,347,249
681272,7033,342,247
681272,7034,448,323
681272,7035,551,400
681272,7036,487,351
681272,7037,593,428
681272,7038,698,509
681272,7039,633,457
681272,7040,736,529
847001,7001,1004,736
847001,7002,1110,846
847001,7003,1216,949
847001,7004,751,540
847001,7005,899,663
847001,7006,1006,779
847001,7007,1112,886
847001,7008,792,570
847001,7009,656,472
847001,7010,761,570
847001,7011,865,676
847001,7012,971,782
847001,7013,565,407
847001,7014,508,366
847001,7015,612,445
847001,7016,718,537
847001,7017,766,588
847001,7018,822,646
847001,7019,361,259
847001,7020,465,336
847001,7021,567,414
847001,7022,676,496
847001,7023,214,154
847001,7024,320,231
847001,7025,425,307
847001,7026,530,384
847001,7027,70,50
847001,7028,176,126
847001,7029,280,203
847001,7030,385,280
847001,7031,437,328
847001,7032,76,55
847001,7033,176,127
847001,7034,282,205
847001,7035,387,282
847001,7036,287,207
847001,7037,427,310
847001,7038,534,391
847001,7039,385,279
847001,7040,490,354
847011,7001,859,633
847011,7002,966,743
847011,7003,1072,846
847011,7004,607,437
847011,7005,755,560
847011,7006,862,676
847011,7007,968,783
847011,7008,648,467
847011,7009,512,369
847011,7010,617,467
847011,7011,721,573
847011,7012,826,679
847011,7013,421,304
847011,7014,364,263
847011,7015,468,342
847011,7016,574,434
847011,7017,622,484
847011,7018,678,543
847011,7019,217,156
847011,7020,321,233
847011,7021,423,311
847011,7022,532,393
847011,7023,70,51
847011,7024,176,128
847011,7025,281,204
847011,7026,386,281
847011,7027,70,51
847011,7028,175,127
847011,7029,280,204
847011,7030,385,281
847011,7031,437,329
847011,7032,216,156
847011,7033,316,228
847011,7034,421,306
847011,7035,527,383
847011,7036,427,308
847011,7037,567,411
847011,7038,674,492
847011,7039,525,380
847011,7040,629,455
847021,7001,717,530
847021,7002,823,640
847021,7003,929,743
847021,7004,464,334
847021,7005,612,457
847021,7006,719,573
847021,7007,825,680
847021,7008,505,364
847021,7009,369,266
847021,7010,474,364
847021,7011,578,470
847021,7012,684,576
847021,7013,278,201
847021,7014,221,160
847021,7015,325,239
847021,7016,431,331
847021,7017,479,381
847021,7018,535,440
847021,7019,74,53
847021,7020,178,130
847021,7021,280,208
847021,7022,389,290
847021,7023,73,52
847021,7024,179,129
847021,7025,283,205
847021,7026,389,282
847021,7027,217,156
847021,7028,322,232
847021,7029,427,309
847021,7030,532,386
847021,7031,584,434
847021,7032,363,261
847021,7033,463,333
847021,7034,569,411
847021,7035,674,488
847021,7036,574,413
847021,7037,714,516
847021,7038,821,597
847021,7039,672,485
847021,7040,777,560
847031,7001,574,426
847031,7002,681,536
847031,7003,786,639
847031,7004,322,230
847031,7005,462,348
847031,7006,569,464
847031,7007,675,571
847031,7008,362,260
847031,7009,227,162
847031,7010,315,246
847031,7011,419,352
847031,7012,525,458
847031,7013,135,97
847031,7014,79,56
847031,7015,168,125
847031,7016,275,217
847031,7017,323,268
847031,7018,379,326
847031,7019,87,61
847031,7020,170,123
847031,7021,272,201
847031,7022,381,283
847031,7023,233,167
847031,7024,316,227
847031,7025,421,303
847031,7026,526,380
847031,7027,377,271
847031,7028,462,332
847031,7029,567,409
847031,7030,672,486
847031,7031,724,534
847031,7032,524,376
847031,7033,608,438
847031,7034,713,514
847031,7035,819,593
847031,7036,754,542
847031,7037,859,619
847031,7038,965,701
847031,7039,832,600
847031,7040,937,675
847032,7001,542,403
847032,7002,648,513
847032,7003,754,616
847032,7004,289,207
847032,7005,438,330
847032,7006,544,446
847032,7007,650,553
847032,7008,330,237
847032,7009,195,139
847032,7010,300,237
847032,7011,404,343
847032,7012,509,449
847032,7013,103,74
847032,7014,46,33
847032,7015,150,112
847032,7016,257,204
847032,7017,305,255
847032,7018,361,313
847032,7019,101,72
847032,7020,202,147
847032,7021,307,227
847032,7022,416,309
847032,7023,247,178
847032,7024,348,251
847032,7025,458,331
847032,7026,563,408
847032,7027,391,282
847032,7028,494,356
847032,7029,601,435
847032,7030,707,512
847032,7031,758,560
847032,7032,538,387
847032,7033,638,459
847032,7034,743,537
847032,7035,849,614
847032,7036,786,566
847032,7037,888,642
847032,7038,995,723
847032,7039,846,611
847032,7040,951,686
847041,7001,444,333
847041,7002,551,443
847041,7003,656,546
847041,7004,192,137
847041,7005,340,260
847041,7006,447,376
847041,7007,552,483
847041,7008,232,167
847041,7009,97,69
847041,7010,202,167
847041,7011,306,273
847041,7012,411,379
847041,7013,108,78
847041,7014,51,37
847041,7015,155,116
847041,7016,262,208
847041,7017,310,258
847041,7018,366,317
847041,7019,198,142
847041,7020,300,217
847041,7021,405,297
847041,7022,428,327
847041,7023,345,248
847041,7024,446,321
847041,7025,556,401
847041,7026,573,431
847041,7027,489,352
847041,7028,592,426
847041,7029,699,505
847041,7030,720,537
847041,7031,772,580
847041,7032,635,457
847041,7033,736,529
847041,7034,841,607
847041,7035,865,642
847041,7036,884,636
847041,7037,965,705
847041,7038,1012,751
847041,7039,944,681
847041,7040,1049,756
847042,7001,435,327
847042,7002,542,437
847042,7003,647,540
847042,7004,183,131
847042,7005,331,254
847042,7006,438,370
847042,7007,543,477
847042,7008,223,161
847042,7009,88,63
847042,7010,193,161
847042,7011,297,267
847042,7012,402,373
847042,7013,117,84
847042,7014,60,43
847042,7015,164,122
847042,7016,271,214
847042,7017,319,265
847042,7018,375,323
847042,7019,207,148
847042,7020,309,223
847042,7021,372,283
847042,7022,419,321
847042,7023,354,254
847042,7024,455,327
847042,7025,517,383
847042,7026,564,425
847042,7027,498,358
847042,7028,601,432
847042,7029,664,489
847042,7030,711,531
847042,7031,763,574
847042,7032,644,463
847042,7033,745,535
847042,7034,811,594
847042,7035,856,636
847042,7036,893,642
847042,7037,956,699
847042,7038,1003,745
847042,7039,953,687
847042,7040,1058,762
847052,7001,309,236
847052,7002,415,346
847052,7003,521,449
847052,7004,56,40
847052,7005,204,163
847052,7006,311,279
847052,7007,417,386
847052,7008,171,124
847052,7009,36,26
847052,7010,145,126
847052,7011,249,232
847052,7012,354,338
847052,7013,241,173
847052,7014,184,132
847052,7015,288,211
847052,7016,348,278
847052,7017,397,328
847052,7018,453,387
847052,7019,331,237
847052,7020,432,312
847052,7021,477,358
847052,7022,524,396
847052,7023,477,343
847052,7024,578,416
847052,7025,622,458
847052,7026,669,500
847052,7027,621,447
847052,7028,724,521
847052,7029,769,564
847052,7030,816,606
847052,7031,868,649
847052,7032,768,552
847052,7033,868,624
847052,7034,916,669
847052,7035,961,711
847052,7036,1016,731
847052,7037,1061,774
847052,7038,1108,820
847052,7039,1077,776
847052,7040,1181,851